key,zh,existing_en,translated_en
"addedToInventory","å·²æ”¾å…¥èƒŒåŒ…","",""
"amulet","è­·ç¬¦","",""
"armor","é˜²å…·","",""
"blackMarketBought","åœ¨é»‘å¸‚è³¼è²·","",""
"blackMarketEnd","é»‘å¸‚äº¤æ˜“çµæŸã€‚","",""
"blackMarketLimit","å·²é”é»‘å¸‚è³¼è²·ä¸Šé™ï¼ˆ2 ä»¶ï¼‰ã€‚","",""
"branchAllyJoin","ğŸ‘¥ ä¸€ä½æµæµªæˆ°å£«åŠ å…¥å”åŠ©ä½ æˆ°é¬¥ï¼ï¼ˆä¸‹æ¬¡æˆ°é¬¥æ”»æ“Š+20%ï¼‰","",""
"branchAmbush","âš ï¸ çªç„¶é­é‡ä¼æ“Šï¼é¡å¤–çš„æ•µäººå‡ºç¾ï¼","",""
"branchAncientPower","ğŸ”¥ å¸æ”¶å¤è€åŠ›é‡ï¼æ°¸ä¹…æ”»æ“Š+5","",""
"branchBossInsight","ğŸ” æ´å¯Ÿæ•µäººå¼±é»ï¼ä¸‹æ¬¡å°BOSSå‚·å®³+30%","",""
"branchCurse","ğŸ’€ è¢«è©›å’’ï¼æœ€å¤§ç”Ÿå‘½-10%","",""
"branchCurseItem","ğŸ˜ˆ ç²å¾—è©›å’’ç‰©å“ï¼å¼·å¤§ä½†æœ‰ä»£åƒ¹","",""
"branchDesertGuide","ğŸ§­ é‡åˆ°æ²™æ¼ åš®å°ï¼ä¸‹5æ­¥é¡¯ç¤ºäº‹ä»¶é¡å‹","",""
"branchDiscount","ğŸ’° å•†äººçµ¦ä½ æŠ˜æ‰£ï¼æ‰€æœ‰ç‰©å“8æŠ˜","",""
"branchDivineTrial","âš”ï¸ ç¥è–è©¦ç…‰ï¼æ“Šæ•—é¡å¤–å®ˆè¡›ç²å¾—ç¥å™¨","",""
"branchDoubleLoot","ğŸ’°ğŸ’° é›™å€å¯¶è—ï¼","",""
"branchEpicLoot","ğŸ’ ç²å¾—å²è©©ç´šæˆ°åˆ©å“ï¼","",""
"branchEscapeRoute","ğŸƒ ç™¼ç¾é€ƒç”Ÿè·¯ç·šï¼ï¼ˆå¯é¸æ“‡é€ƒè·‘ï¼‰","",""
"branchGodBlessing","âœ¨ ç²å¾—ç¥ç¥‡ç¥ç¦ï¼å…¨å±¬æ€§+10%","",""
"branchHealingSpring","ğŸ’§ æ²»ç™’ä¹‹æ³‰ï¼å®Œå…¨æ¢å¾©ç”Ÿå‘½å€¼","",""
"branchHiddenPassage","ğŸšª ç™¼ç¾éš±è—é€šé“ï¼è·³é3æ­¥","",""
"branchHiddenTreasure","ğŸ—ï¸ ç™¼ç¾éš±è—å¯¶è—ï¼","",""
"branchLegendaryLoot","ğŸ‘‘ å‚³èªªç´šå¯¶ç‰©ï¼","",""
"branchOasisBlessing","ğŸŒ´ ç¶ æ´²ç¥ç¦ï¼ç”Ÿå‘½æ¢å¾©é€Ÿåº¦+50%ï¼ˆæŒçºŒï¼‰","",""
"branchPowerSurge","âš¡ åŠ›é‡æ¿€å¢ï¼æ”»æ“ŠåŠ›æš«æ™‚+50%ï¼ˆ3å›åˆï¼‰","",""
"branchQuicksand","âš ï¸ é™·å…¥æµæ²™ï¼æå¤±ä¸€äº›é‡‘å¹£","",""
"branchRareItem","ğŸ å•†äººå±•ç¤ºç¨€æœ‰å•†å“ï¼","",""
"branchRevengeQuest","âš”ï¸ æ¥å—å¾©ä»‡ä»»å‹™ï¼æ“Šæ•—ç‰¹å®šæ•µäººç²å¾—çå‹µ","",""
"branchSecretChamber","ğŸ”“ ç™¼ç¾ç§˜å¯†æˆ¿é–“ï¼ç²å¾—å¤§é‡é‡‘å¹£","",""
"branchSpecialEvent","ğŸ² è§¸ç™¼ç‰¹æ®Šäº‹ä»¶","",""
"branchTreasureDrop","âœ¨ æ•µäººæ‰è½äº†ç¨€æœ‰å¯¶ç‰©ï¼","",""
"buriedTreasureFound","ğŸº ä½ ç™¼ç¾äº†ä¸€å€‹æ©åŸ‹åœ¨æ²™ä¸­çš„å¤è€é™¶ç½...","",""
"buy","è³¼è²·","",""
"cannotEquip","æ­¤ç‰©å“ç„¡æ³•è£å‚™ã€‚","",""
"caravanBuyFood","ğŸ– ä½ å‘å•†éšŠè³¼è²·äº†é£Ÿç‰©å’Œä¼‘æ¯ï¼ˆèŠ±è²»60é‡‘å¹£ï¼‰ï¼ŒHPå’Œé«”åŠ›å®Œå…¨æ¢å¾©ï¼","",""
"caravanGift","ğŸ å•†éšŠåˆ†äº«äº†é£Ÿç‰©å’Œæ°´ï¼ŒHP","",""
"combatLuck","æˆ°é¬¥å¹¸é‹","",""
"consumeStamina","æ¶ˆè€—é«”åŠ›","",""
"curseGoldLoss","ğŸ’¸ ä½ çš„é‡‘å¹£æ†‘ç©ºæ¶ˆå¤±äº†","",""
"curseHpLoss","ğŸ’€ è©›å’’ä¾µè•ä½ çš„èº«é«”","",""
"damageTaken","å—åˆ°å‚·å®³","",""
"deadTravelerFound","ğŸ’€ ä½ ç™¼ç¾äº†ä¸€å…·ç½¹é›£æ—…äººçš„éºé«”...","",""
"equip","è£å‚™","",""
"equipTo","è£å‚™","",""
"equipped","å·²è£å‚™","",""
"eventName_ancient_puzzle","å¤è€è¬é¡Œ","",""
"eventName_ancient_shrine","ç¥æ®¿","",""
"eventName_bandit_ambush","å¼·ç›œ","",""
"eventName_black_market","é»‘å¸‚","",""
"eventName_boss","é ­ç›®","",""